[
  {
    "scene_camera_movement": "static",
    "scene_duration": 9,
    "scene_emotions": "Joyful anticipation, excitement for a day at the beach.",
    "scene_movement_description": "Jensen walks towards the water, kicking up sand with each step. He pauses at the shoreline, testing the water temperature with his toes. He stretches his arms out wide, inhaling the sea air.",
    "scene_name": "Arrival at the Beach",
    "scene_number": 1,
    "scene_physical_environment": "A sun-drenched beach with fine, golden sand stretching towards a turquoise ocean. The sky is a brilliant, cloudless blue, with the sun high overhead, casting strong, warm light. Gentle waves roll onto the shore, creating a soothing sound. Scattered along the beach are colorful beach umbrellas and towels, indicating a relaxed, vacation atmosphere. Palm trees sway gently in the light breeze, providing patches of shade. In the distance, sailboats glide across the horizon, adding to the idyllic scene.",
    "sound_effects_prompt": "Gentle waves lapping on the shore, distant seagulls calling."
  },
  {
    "scene_camera_movement": "Dolly in slowly as Jensen splashes.",
    "scene_duration": 14,
    "scene_emotions": "Pure joy and playfulness, carefree spirit.",
    "scene_movement_description": "Jensen wades deeper into the water, splashing and playing. He jumps over a small wave, laughing. He starts swimming, doing a freestyle stroke.",
    "scene_name": "Playing in the Waves",
    "scene_number": 2,
    "scene_physical_environment": "A sun-drenched beach with fine, golden sand stretching towards a turquoise ocean. The sky is a brilliant, cloudless blue, with the sun high overhead, casting strong, warm light. Gentle waves roll onto the shore, creating a soothing sound. Scattered along the beach are colorful beach umbrellas and towels, indicating a relaxed, vacation atmosphere. Palm trees sway gently in the light breeze, providing patches of shade. In the distance, sailboats glide across the horizon, adding to the idyllic scene.",
    "sound_effects_prompt": "Increased splashing sounds, Jensen's laughter, distant beach chatter."
  },
  {
    "scene_camera_movement": "Tilt down slowly from the sky to Jensen's face.",
    "scene_duration": 5,
    "scene_emotions": "Relaxation, contentment, peacefulness.",
    "scene_movement_description": "Jensen exits the water and walks back to his towel on the beach. He lies down, adjusts his sunglasses, and closes his eyes. He takes a deep breath, relaxing in the sun.",
    "scene_name": "Relaxing on the Beach",
    "scene_number": 3,
    "scene_physical_environment": "A sun-drenched beach with fine, golden sand stretching towards a turquoise ocean. The sky is a brilliant, cloudless blue, with the sun high overhead, casting strong, warm light. Gentle waves roll onto the shore, creating a soothing sound. Scattered along the beach are colorful beach umbrellas and towels, indicating a relaxed, vacation atmosphere. Palm trees sway gently in the light breeze, providing patches of shade. In the distance, sailboats glide across the horizon, adding to the idyllic scene.",
    "sound_effects_prompt": "Gentle breeze, faint sounds of waves, distant music from a beachside vendor."
  }
]