[
  {
    "first_frame_prompt": "JENSENAVATAR Wide shot of a sunny beach. Jensen, an Asian man in his late 20s, stands at the edge of the water, wearing bright blue swim trunks. He's smiling, with the ocean stretching out behind him. Clear blue sky with a few fluffy clouds.",
    "scene_camera_movement": "static",
    "scene_duration": 9,
    "scene_emotions": "Joyful anticipation, excitement for a day at the beach.",
    "scene_movement_description": "Jensen walks towards the water, kicking up sand with each step. He pauses at the shoreline, testing the water temperature with his toes. He stretches his arms out wide, inhaling the sea air.",
    "scene_name": "Arrival at the Beach",
    "scene_number": 1,
    "sound_effects_prompt": "Gentle waves lapping on the shore, distant seagulls calling."
  },
  {
    "first_frame_prompt": "JENSENAVATAR Medium shot of Jensen splashing in the water. He's knee-deep, laughing, and splashing water towards the camera. The sun glistens on the water droplets.",
    "scene_camera_movement": "Dolly in slowly as Jensen splashes.",
    "scene_duration": 14,
    "scene_emotions": "Pure joy and playfulness, carefree spirit.",
    "scene_movement_description": "Jensen wades deeper into the water, splashing and playing. He jumps over a small wave, laughing. He starts swimming, doing a freestyle stroke.",
    "scene_name": "Playing in the Waves",
    "scene_number": 2,
    "sound_effects_prompt": "Increased splashing sounds, Jensen's laughter, distant beach chatter."
  },
  {
    "first_frame_prompt": "JENSENAVATAR Close-up of Jensen lying on the beach, relaxing. He's wearing sunglasses and has a contented smile on his face. The sun is shining brightly.",
    "scene_camera_movement": "Tilt down slowly from the sky to Jensen's face.",
    "scene_duration": 5,
    "scene_emotions": "Relaxation, contentment, peacefulness.",
    "scene_movement_description": "Jensen exits the water and walks back to his towel on the beach. He lies down, adjusts his sunglasses, and closes his eyes. He takes a deep breath, relaxing in the sun.",
    "scene_name": "Relaxing on the Beach",
    "scene_number": 3,
    "sound_effects_prompt": "Gentle breeze, faint sounds of waves, distant music from a beachside vendor."
  }
]