[
  {
    "first_frame_prompt": "JENSENAVATAR Close-up of Jensen, a middle-aged Asian man with a warm smile, wearing sunglasses and a light blue Hawaiian shirt, standing on a sunny beach with crystal clear water in the background.",
    "scene_camera_movement": "static",
    "scene_duration": 9,
    "scene_emotions": "Joyful, carefree, relaxed. The scene exudes happiness and a sense of freedom.",
    "scene_movement_description": "Jensen, a middle-aged Asian man, stands at the edge of the beach. He is wearing a light blue Hawaiian shirt, khaki shorts, and sunglasses. He takes a deep breath, smiles, and starts walking towards the water. His movements are relaxed and unhurried.",
    "scene_name": "Arrival at the Beach",
    "scene_number": 1,
    "sound_effects_prompt": "Gentle waves lapping on the shore, distant seagulls calling, soft breeze rustling through palm trees."
  }
]