[
  {
    "first_frame_prompt": "JENSENAVATAR Close-up of Jensen, a middle-aged Asian man with a warm smile, wearing sunglasses and a light blue Hawaiian shirt, standing on a sunny beach with crystal clear water in the background.",
    "scene_camera_movement": "static",
    "scene_duration": 9,
    "scene_emotions": "Joyful, carefree, relaxed. The scene exudes happiness and a sense of freedom.",
    "scene_movement_description": "Jensen, a middle-aged Asian man, stands at the edge of the beach. He is wearing a light blue Hawaiian shirt, khaki shorts, and sunglasses. He takes a deep breath, smiles, and starts walking towards the water. His movements are relaxed and unhurried.",
    "scene_name": "Arrival at the Beach",
    "scene_number": 1,
    "scene_physical_environment": "A sun-drenched beach stretches out, the golden sand warm beneath Jensen's feet. The turquoise water of the ocean sparkles invitingly under the midday sun. A gentle breeze rustles through the nearby palm trees, their shadows dancing on the sand. The sky is a brilliant blue, dotted with fluffy white clouds. Scattered along the beach are colorful beach umbrellas and towels, marking spots of relaxation. A cooler sits nearby, promising refreshing drinks. In the distance, a few sailboats glide across the horizon, adding to the idyllic scene. The air is filled with the sound of crashing waves and the happy chatter of beachgoers.",
    "sound_effects_prompt": "Gentle waves lapping on the shore, distant seagulls calling, soft breeze rustling through palm trees."
  }
]