[
  {
    "first_frame_prompt": "JENSENAVATAR Wide shot of Jensen, a middle-aged Asian man with a salt-and-pepper beard, wearing vibrant Hawaiian shirt and khaki shorts, laughing joyfully as he runs towards the ocean on a sunny beach. Clear blue sky, white sand, and gentle waves in the background.",
    "scene_camera_movement": "static",
    "scene_duration": 9,
    "scene_emotions": "Joyful, carefree, lighthearted. The scene evokes a sense of vacation and happiness.",
    "scene_movement_description": "Jensen, a middle-aged Asian man with a neatly trimmed salt-and-pepper beard, sprints towards the ocean. He's wearing a colorful Hawaiian shirt, khaki shorts, and sunglasses. His arms are outstretched, and he's laughing with pure joy. The sand kicks up slightly as he runs. Gentle waves are visible in the background.",
    "scene_name": "Joyful Run to the Ocean",
    "scene_number": 1,
    "sound_effects_prompt": "Gentle waves lapping on the shore, distant seagulls, the sound of Jensen's laughter, and soft ambient beach sounds. Faint, upbeat ukulele music begins to play."
  },
  {
    "first_frame_prompt": "JENSENAVATAR Medium shot of Jensen waist-deep in the ocean, splashing water playfully. He's still laughing, with the sun glinting off the water and his sunglasses. The beach is visible in the background with other people enjoying the day.",
    "scene_camera_movement": "Smooth pan from left to right, following Jensen's splashing motion.",
    "scene_duration": 14,
    "scene_emotions": "Playful, exuberant, refreshed. The scene conveys a sense of freedom and enjoyment of the moment.",
    "scene_movement_description": "Jensen wades into the ocean, the water reaching his waist. He stops and begins splashing water playfully with his hands, creating small sprays. He continues laughing, his face radiating happiness. Other beachgoers are visible in the background, enjoying the sun and surf. The waves gently lap around him.",
    "scene_name": "Playful Splashing in the Surf",
    "scene_number": 2,
    "sound_effects_prompt": "Waves splashing, Jensen's laughter echoing slightly, the continued upbeat ukulele music becoming more prominent, distant chatter of other beachgoers, and the sound of water dripping from Jensen's hands."
  }
]