[
  {
    "scene_camera_movement": "static",
    "scene_duration": 9,
    "scene_emotions": "Joyful, carefree, lighthearted. The scene evokes a sense of vacation and happiness.",
    "scene_movement_description": "Jensen, a middle-aged Asian man with a neatly trimmed salt-and-pepper beard, sprints towards the ocean. He's wearing a colorful Hawaiian shirt, khaki shorts, and sunglasses. His arms are outstretched, and he's laughing with pure joy. The sand kicks up slightly as he runs. Gentle waves are visible in the background.",
    "scene_name": "Joyful Run to the Ocean",
    "scene_number": 1,
    "scene_physical_environment": "A sun-drenched beach stretches out under a clear, azure sky. The sand is a fine, golden hue, warm to the touch. Gentle waves, tipped with white foam, roll lazily onto the shore, their rhythmic sound a constant, soothing presence. The sun, high in the sky, casts a bright, almost blinding light, creating sharp shadows. A few scattered beach umbrellas offer small islands of shade. In the distance, the ocean fades into a hazy blue, meeting the horizon in a seamless blend. Palm trees sway gently in a light breeze, their fronds rustling softly. Scattered seashells and smooth pebbles are visible along the shoreline.",
    "sound_effects_prompt": "Gentle waves lapping on the shore, distant seagulls, the sound of Jensen's laughter, and soft ambient beach sounds. Faint, upbeat ukulele music begins to play."
  },
  {
    "scene_camera_movement": "Smooth pan from left to right, following Jensen's splashing motion.",
    "scene_duration": 14,
    "scene_emotions": "Playful, exuberant, refreshed. The scene conveys a sense of freedom and enjoyment of the moment.",
    "scene_movement_description": "Jensen wades into the ocean, the water reaching his waist. He stops and begins splashing water playfully with his hands, creating small sprays. He continues laughing, his face radiating happiness. Other beachgoers are visible in the background, enjoying the sun and surf. The waves gently lap around him.",
    "scene_name": "Playful Splashing in the Surf",
    "scene_number": 2,
    "scene_physical_environment": "A sun-drenched beach stretches out under a clear, azure sky. The sand is a fine, golden hue, warm to the touch. Gentle waves, tipped with white foam, roll lazily onto the shore, their rhythmic sound a constant, soothing presence. The sun, high in the sky, casts a bright, almost blinding light, creating sharp shadows. A few scattered beach umbrellas offer small islands of shade. In the distance, the ocean fades into a hazy blue, meeting the horizon in a seamless blend. Palm trees sway gently in a light breeze, their fronds rustling softly. Scattered seashells and smooth pebbles are visible along the shoreline.",
    "sound_effects_prompt": "Waves splashing, Jensen's laughter echoing slightly, the continued upbeat ukulele music becoming more prominent, distant chatter of other beachgoers, and the sound of water dripping from Jensen's hands."
  }
]