[
  {
    "scene_camera_movement": "static",
    "scene_duration": 9,
    "scene_emotions": "Joyful, carefree, relaxed. The scene aims to evoke a sense of happiness and peacefulness.",
    "scene_movement_description": "Jensen, a middle-aged Asian man, is wading in the ocean. He splashes water playfully with his hands, his face beaming with joy. He occasionally looks out at the horizon, a sense of contentment washing over him. His movements are light and free, reflecting his carefree mood. He is wearing light blue swim trunks and a white t-shirt.",
    "scene_name": "Ocean Joy",
    "scene_number": 1,
    "scene_physical_environment": "A sun-drenched beach stretches out under a clear, azure sky. It's midday, with the sun blazing overhead, casting strong, warm light and creating sharp shadows. Gentle waves roll onto the shore, their foamy crests sparkling in the sunlight. The sand is fine and golden, dotted with colorful beach umbrellas and scattered beach towels. In the distance, the turquoise ocean meets the horizon in a hazy shimmer. Palm trees sway gently in a light breeze, their fronds rustling softly. A wooden beach chair sits unoccupied near the water's edge, and a half-buried sandcastle stands as a testament to earlier activities.",
    "sound_effects_prompt": "Gentle waves lapping against the shore, seagulls calling in the distance, soft breeze rustling. The overall soundscape should be calming and peaceful."
  }
]