[
  {
    "first_frame_prompt": "JENSENAVATAR A middle-aged Asian man, Jensen, with a slightly weathered face and kind eyes, stands knee-deep in the ocean water. He's wearing light blue swim trunks and a white t-shirt that's slightly see-through from the water. He's laughing, with the sun reflecting off the water and creating a golden glow around him. The beach stretches out behind him, with a few distant figures enjoying the day.",
    "scene_camera_movement": "static",
    "scene_duration": 9,
    "scene_emotions": "Joyful, carefree, relaxed. The scene aims to evoke a sense of happiness and peacefulness.",
    "scene_movement_description": "Jensen, a middle-aged Asian man, is wading in the ocean. He splashes water playfully with his hands, his face beaming with joy. He occasionally looks out at the horizon, a sense of contentment washing over him. His movements are light and free, reflecting his carefree mood. He is wearing light blue swim trunks and a white t-shirt.",
    "scene_name": "Ocean Joy",
    "scene_number": 1,
    "sound_effects_prompt": "Gentle waves lapping against the shore, seagulls calling in the distance, soft breeze rustling. The overall soundscape should be calming and peaceful."
  }
]